{"stats":{"minecraft:crafted":{"minecraft:birch_planks":12,"minecraft:crafting_table":1,"minecraft:stick":4,"minecraft:wooden_pickaxe":1},"minecraft:picked_up":{"minecraft:birch_log":3,"royalworldclanes:monedacobre":2,"minecraft:chicken":1,"minecraft:rotten_flesh":2,"minecraft:wheat_seeds":2,"mysticalagriculture:inferium_essence":1},"minecraft:mined":{"minecraft:grass":5,"minecraft:birch_log":3},"minecraft:custom":{"minecraft:time_since_rest":9544,"minecraft:crouch_one_cm":84,"minecraft:play_time":9544,"minecraft:sprint_one_cm":8525,"minecraft:damage_taken":50,"minecraft:walk_one_cm":9485,"minecraft:sneak_time":49,"minecraft:walk_under_water_one_cm":458,"minecraft:mob_kills":2,"minecraft:jump":74,"minecraft:damage_dealt":237,"minecraft:leave_game":1,"minecraft:time_since_death":9544,"minecraft:walk_on_water_one_cm":6719,"minecraft:total_world_time":9544,"minecraft:interact_with_crafting_table":2,"minecraft:swim_one_cm":10387,"minecraft:fall_one_cm":836,"minecraft:fly_one_cm":5848},"minecraft:used":{"minecraft:crafting_table":1,"minecraft:wooden_pickaxe":11},"minecraft:killed":{"minecraft:zombie":1,"minecraft:chicken":1}},"DataVersion":3120}