{
  "mcwbridges:recipes/sandstone_bridge_stair": {
    "criteria": {
      "has_planks": "2024-09-08 20:00:07 +0000"
    },
    "done": true
  },
  "mcwbridges:recipes/acacia_log_bridge_middle": {
    "criteria": {
      "has_planks": "2024-09-08 20:00:07 +0000"
    },
    "done": true
  },
  "mcwbridges:recipes/mud_brick_bridge_stair": {
    "criteria": {
      "has_planks": "2024-09-08 20:00:07 +0000"
    },
    "done": true
  },
  "mcwbridges:recipes/jungle_rope_bridge_stair": {
    "criteria": {
      "has_planks": "2024-09-08 20:00:07 +0000"
    },
    "done": true
  },
  "mcwbridges:recipes/rope_jungle_bridge": {
    "criteria": {
      "has_planks": "2024-09-08 20:00:07 +0000"
    },
    "done": true
  },
  "mcwbridges:recipes/spruce_log_bridge_stair": {
    "criteria": {
      "has_planks": "2024-09-08 20:00:07 +0000"
    },
    "done": true
  },
  "mcwbridges:recipes/jungle_rail_bridge": {
    "criteria": {
      "has_planks": "2024-09-08 20:00:07 +0000"
    },
    "done": true
  },
  "mcwbridges:recipes/mud_brick_bridge": {
    "criteria": {
      "has_planks": "2024-09-08 20:00:07 +0000"
    },
    "done": true
  },
  "mcwbridges:recipes/mossy_stone_brick_bridge": {
    "criteria": {
      "has_planks": "2024-09-08 20:00:07 +0000"
    },
    "done": true
  },
  "mcwbridges:recipes/rope_birch_bridge": {
    "criteria": {
      "has_planks": "2024-09-08 20:00:07 +0000"
    },
    "done": true
  },
  "mcwbridges:recipes/spruce_rope_bridge_stair": {
    "criteria": {
      "has_planks": "2024-09-08 20:00:07 +0000"
    },
    "done": true
  },
  "mcwbridges:recipes/spruce_bridge_pier": {
    "criteria": {
      "has_planks": "2024-09-08 20:00:07 +0000"
    },
    "done": true
  },
  "mcwbridges:recipes/oak_log_bridge_middle": {
    "criteria": {
      "has_planks": "2024-09-08 20:00:07 +0000"
    },
    "done": true
  },
  "mcwbridges:recipes/brick_bridge": {
    "criteria": {
      "has_planks": "2024-09-08 20:00:07 +0000"
    },
    "done": true
  },
  "mcwbridges:recipes/crimson_log_bridge_middle": {
    "criteria": {
      "has_planks": "2024-09-08 20:00:07 +0000"
    },
    "done": true
  },
  "mcwbridges:recipes/rope_spruce_bridge": {
    "criteria": {
      "has_planks": "2024-09-08 20:00:07 +0000"
    },
    "done": true
  },
  "minecraft:adventure/adventuring_time": {
    "criteria": {
      "minecraft:taiga": "2024-09-08 20:00:51 +0000"
    },
    "done": false
  },
  "mcwbridges:recipes/rope_mangrove_bridge": {
    "criteria": {
      "has_planks": "2024-09-08 20:00:07 +0000"
    },
    "done": true
  },
  "mcwbridges:recipes/birch_bridge_pier": {
    "criteria": {
      "has_planks": "2024-09-08 20:00:07 +0000"
    },
    "done": true
  },
  "mcwbridges:recipes/oak_rail_bridge": {
    "criteria": {
      "has_planks": "2024-09-08 20:00:07 +0000"
    },
    "done": true
  },
  "mcwbridges:recipes/iron_bridge_pier": {
    "criteria": {
      "has_planks": "2024-09-08 20:00:07 +0000"
    },
    "done": true
  },
  "mcwbridges:recipes/bamboo_bridge_pier": {
    "criteria": {
      "has_planks": "2024-09-08 20:00:07 +0000"
    },
    "done": true
  },
  "mcwbridges:recipes/dry_bamboo_bridge_stair": {
    "criteria": {
      "has_planks": "2024-09-08 20:00:07 +0000"
    },
    "done": true
  },
  "mcwbridges:recipes/birch_rope_bridge_stair": {
    "criteria": {
      "has_planks": "2024-09-08 20:00:07 +0000"
    },
    "done": true
  },
  "mcwbridges:recipes/dark_oak_rope_bridge_stair": {
    "criteria": {
      "has_planks": "2024-09-08 20:00:07 +0000"
    },
    "done": true
  },
  "mcwbridges:recipes/pliers": {
    "criteria": {
      "has_planks": "2024-09-08 20:00:07 +0000"
    },
    "done": true
  },
  "mcwbridges:recipes/dry_bamboo_bridge": {
    "criteria": {
      "has_planks": "2024-09-08 20:00:07 +0000"
    },
    "done": true
  },
  "mcwbridges:recipes/deepslate_tile_bridge_stair": {
    "criteria": {
      "has_planks": "2024-09-08 20:00:07 +0000"
    },
    "done": true
  },
  "mcwbridges:recipes/mossy_stone_bridge_stair": {
    "criteria": {
      "has_planks": "2024-09-08 20:00:07 +0000"
    },
    "done": true
  },
  "mcwbridges:recipes/oak_bridge_pier": {
    "criteria": {
      "has_planks": "2024-09-08 20:00:07 +0000"
    },
    "done": true
  },
  "mcwbridges:recipes/warped_log_bridge_middle": {
    "criteria": {
      "has_planks": "2024-09-08 20:00:07 +0000"
    },
    "done": true
  },
  "mcwbridges:recipes/dark_oak_rail_bridge": {
    "criteria": {
      "has_planks": "2024-09-08 20:00:07 +0000"
    },
    "done": true
  },
  "mcwbridges:recipes/mangrove_bridge_pier": {
    "criteria": {
      "has_planks": "2024-09-08 20:00:07 +0000"
    },
    "done": true
  },
  "mcwbridges:recipes/deepslate_tile_bridge": {
    "criteria": {
      "has_planks": "2024-09-08 20:00:07 +0000"
    },
    "done": true
  },
  "betteranimalsplus:root": {
    "criteria": {
      "tick": "2024-09-08 20:00:07 +0000"
    },
    "done": true
  },
  "mcwbridges:recipes/mangrove_log_bridge_middle": {
    "criteria": {
      "has_planks": "2024-09-08 20:00:07 +0000"
    },
    "done": true
  },
  "mcwbridges:recipes/jungle_log_bridge_middle": {
    "criteria": {
      "has_planks": "2024-09-08 20:00:07 +0000"
    },
    "done": true
  },
  "mcwbridges:recipes/dry_bamboo_bridge_pier": {
    "criteria": {
      "has_planks": "2024-09-08 20:00:07 +0000"
    },
    "done": true
  },
  "mcwbridges:recipes/blackstone_bridge_stair": {
    "criteria": {
      "has_planks": "2024-09-08 20:00:07 +0000"
    },
    "done": true
  },
  "mcwbridges:recipes/mud_brick_bridge_pier": {
    "criteria": {
      "has_planks": "2024-09-08 20:00:07 +0000"
    },
    "done": true
  },
  "mcwbridges:recipes/acacia_rail_bridge": {
    "criteria": {
      "has_planks": "2024-09-08 20:00:07 +0000"
    },
    "done": true
  },
  "mcwbridges:recipes/crimson_rope_bridge_stair": {
    "criteria": {
      "has_planks": "2024-09-08 20:00:07 +0000"
    },
    "done": true
  },
  "mcwbridges:recipes/brick_bridge_stair": {
    "criteria": {
      "has_planks": "2024-09-08 20:00:07 +0000"
    },
    "done": true
  },
  "mcwbridges:recipes/dark_oak_bridge_pier": {
    "criteria": {
      "has_planks": "2024-09-08 20:00:07 +0000"
    },
    "done": true
  },
  "mcwbridges:recipes/stone_brick_bridge": {
    "criteria": {
      "has_planks": "2024-09-08 20:00:07 +0000"
    },
    "done": true
  },
  "mcwbridges:recipes/brick_bridge_pier": {
    "criteria": {
      "has_planks": "2024-09-08 20:00:07 +0000"
    },
    "done": true
  },
  "mcwbridges:recipes/oak_log_bridge_stair": {
    "criteria": {
      "has_planks": "2024-09-08 20:00:07 +0000"
    },
    "done": true
  },
  "mcwbridges:recipes/acacia_log_bridge_stair": {
    "criteria": {
      "has_planks": "2024-09-08 20:00:07 +0000"
    },
    "done": true
  },
  "mcwbridges:recipes/rope_acacia_bridge": {
    "criteria": {
      "has_planks": "2024-09-08 20:00:07 +0000"
    },
    "done": true
  },
  "mcwbridges:recipes/sandstone_bridge_pier": {
    "criteria": {
      "has_planks": "2024-09-08 20:00:07 +0000"
    },
    "done": true
  },
  "mcwbridges:recipes/dark_oak_log_bridge_stair": {
    "criteria": {
      "has_planks": "2024-09-08 20:00:07 +0000"
    },
    "done": true
  },
  "mcwbridges:recipes/blackstone_bridge_pier": {
    "criteria": {
      "has_planks": "2024-09-08 20:00:07 +0000"
    },
    "done": true
  },
  "mcwbridges:recipes/dark_oak_log_bridge_middle": {
    "criteria": {
      "has_planks": "2024-09-08 20:00:07 +0000"
    },
    "done": true
  },
  "mcwbridges:recipes/bamboo_bridge": {
    "criteria": {
      "has_planks": "2024-09-08 20:00:07 +0000"
    },
    "done": true
  },
  "mcwbridges:recipes/crimson_rail_bridge": {
    "criteria": {
      "has_planks": "2024-09-08 20:00:07 +0000"
    },
    "done": true
  },
  "mcwbridges:recipes/orange_sandstone_bridge": {
    "criteria": {
      "has_planks": "2024-09-08 20:00:07 +0000"
    },
    "done": true
  },
  "mcwbridges:recipes/warped_log_bridge_stair": {
    "criteria": {
      "has_planks": "2024-09-08 20:00:07 +0000"
    },
    "done": true
  },
  "mcwbridges:recipes/crimson_log_bridge_stair": {
    "criteria": {
      "has_planks": "2024-09-08 20:00:07 +0000"
    },
    "done": true
  },
  "mcwbridges:recipes/jungle_log_bridge_stair": {
    "criteria": {
      "has_planks": "2024-09-08 20:00:07 +0000"
    },
    "done": true
  },
  "mcwbridges:recipes/rope_crimson_bridge": {
    "criteria": {
      "has_planks": "2024-09-08 20:00:07 +0000"
    },
    "done": true
  },
  "dungeons_arise:wda_root": {
    "criteria": {
      "WDA": "2024-09-08 20:00:07 +0000"
    },
    "done": true
  },
  "mcwbridges:recipes/deepslate_brick_bridge": {
    "criteria": {
      "has_planks": "2024-09-08 20:00:07 +0000"
    },
    "done": true
  },
  "mcwbridges:recipes/oak_rope_bridge_stair": {
    "criteria": {
      "has_planks": "2024-09-08 20:00:07 +0000"
    },
    "done": true
  },
  "mcwbridges:recipes/sandstone_bridge": {
    "criteria": {
      "has_planks": "2024-09-08 20:00:07 +0000"
    },
    "done": true
  },
  "mcwbridges:recipes/warped_rail_bridge": {
    "criteria": {
      "has_planks": "2024-09-08 20:00:07 +0000"
    },
    "done": true
  },
  "mcwbridges:recipes/spruce_log_bridge_middle": {
    "criteria": {
      "has_planks": "2024-09-08 20:00:07 +0000"
    },
    "done": true
  },
  "mcwbridges:recipes/stone_brick_bridge_stair": {
    "criteria": {
      "has_planks": "2024-09-08 20:00:07 +0000"
    },
    "done": true
  },
  "mcwbridges:recipes/birch_log_bridge_middle": {
    "criteria": {
      "has_planks": "2024-09-08 20:00:07 +0000"
    },
    "done": true
  },
  "mcwbridges:recipes/blackstone_bridge": {
    "criteria": {
      "has_planks": "2024-09-08 20:00:07 +0000"
    },
    "done": true
  },
  "mcwbridges:recipes/mangrove_rail_bridge": {
    "criteria": {
      "has_planks": "2024-09-08 20:00:07 +0000"
    },
    "done": true
  },
  "mcwbridges:recipes/deepslate_brick_bridge_stair": {
    "criteria": {
      "has_planks": "2024-09-08 20:00:07 +0000"
    },
    "done": true
  },
  "mcwbridges:recipes/red_sandstone_bridge_pier": {
    "criteria": {
      "has_planks": "2024-09-08 20:00:07 +0000"
    },
    "done": true
  },
  "mcwbridges:recipes/acacia_bridge_pier": {
    "criteria": {
      "has_planks": "2024-09-08 20:00:07 +0000"
    },
    "done": true
  },
  "mcwbridges:recipes/warped_rope_bridge_stair": {
    "criteria": {
      "has_planks": "2024-09-08 20:00:07 +0000"
    },
    "done": true
  },
  "mcwbridges:recipes/rope_oak_bridge": {
    "criteria": {
      "has_planks": "2024-09-08 20:00:07 +0000"
    },
    "done": true
  },
  "mcwbridges:recipes/rope_dark_oak_bridge": {
    "criteria": {
      "has_planks": "2024-09-08 20:00:07 +0000"
    },
    "done": true
  },
  "mcwbridges:recipes/iron_bridge": {
    "criteria": {
      "has_planks": "2024-09-08 20:00:07 +0000"
    },
    "done": true
  },
  "mcwbridges:recipes/crimson_bridge_pier": {
    "criteria": {
      "has_planks": "2024-09-08 20:00:07 +0000"
    },
    "done": true
  },
  "mcwbridges:recipes/acacia_rope_bridge_stair": {
    "criteria": {
      "has_planks": "2024-09-08 20:00:07 +0000"
    },
    "done": true
  },
  "mcwbridges:recipes/bamboo_bridge_stair": {
    "criteria": {
      "has_planks": "2024-09-08 20:00:07 +0000"
    },
    "done": true
  },
  "mcwbridges:recipes/iron_bridge_stair": {
    "criteria": {
      "has_planks": "2024-09-08 20:00:07 +0000"
    },
    "done": true
  },
  "mcwbridges:recipes/red_sandstone_bridge_stair": {
    "criteria": {
      "has_planks": "2024-09-08 20:00:07 +0000"
    },
    "done": true
  },
  "mcwbridges:recipes/rope_warped_bridge": {
    "criteria": {
      "has_planks": "2024-09-08 20:00:07 +0000"
    },
    "done": true
  },
  "mcwbridges:recipes/jungle_bridge_pier": {
    "criteria": {
      "has_planks": "2024-09-08 20:00:07 +0000"
    },
    "done": true
  },
  "mcwbridges:recipes/deepslate_brick_bridge_pier": {
    "criteria": {
      "has_planks": "2024-09-08 20:00:07 +0000"
    },
    "done": true
  },
  "mcwbridges:recipes/mossy_stone_bridge_pier": {
    "criteria": {
      "has_planks": "2024-09-08 20:00:07 +0000"
    },
    "done": true
  },
  "mcwbridges:recipes/spruce_rail_bridge": {
    "criteria": {
      "has_planks": "2024-09-08 20:00:07 +0000"
    },
    "done": true
  },
  "mcwbridges:recipes/mangrove_rope_bridge_stair": {
    "criteria": {
      "has_planks": "2024-09-08 20:00:07 +0000"
    },
    "done": true
  },
  "mcwbridges:recipes/stone_bridge_pier": {
    "criteria": {
      "has_planks": "2024-09-08 20:00:07 +0000"
    },
    "done": true
  },
  "mcwbridges:recipes/birch_rail_bridge": {
    "criteria": {
      "has_planks": "2024-09-08 20:00:07 +0000"
    },
    "done": true
  },
  "repurposed_structures:root": {
    "criteria": {
      "always": "2024-09-08 20:00:07 +0000"
    },
    "done": true
  },
  "mcwbridges:recipes/deepslate_tile_bridge_pier": {
    "criteria": {
      "has_planks": "2024-09-08 20:00:07 +0000"
    },
    "done": true
  },
  "mcwbridges:recipes/birch_log_bridge_stair": {
    "criteria": {
      "has_planks": "2024-09-08 20:00:07 +0000"
    },
    "done": true
  },
  "mcwbridges:recipes/mangrove_log_bridge_stair": {
    "criteria": {
      "has_planks": "2024-09-08 20:00:07 +0000"
    },
    "done": true
  },
  "mcwbridges:recipes/warped_bridge_pier": {
    "criteria": {
      "has_planks": "2024-09-08 20:00:07 +0000"
    },
    "done": true
  },
  "DataVersion": 3120
}